comp_code,stock_code
6,ACC
9,AEGISCHEM
17,AMRUTANJAN
19,ANDHRACEMT
20,IPAPPM
23,APOLLOTYRE
29,ARVIND
31,ASHOKLEY
33,ASIANHOTNR
34,ASIANPAINT
35,ASSAMCO
37,SKFINDIA
39,ASTRAZEN
42,ATLASCYCLE
43,ATUL
50,BAJAJHLDNG
51,BAJAJELEC
55,BALKRISIND
56,BALLARPUR
57,BANARISUG
59,BASF
60,BATAINDIA
62,BAYERCROP
64,BERGEPAINT
68,BBL
69,BHARATFORG
70,BHARATGEAR
72,SINTEX
77,BIRLACORPN
78,BIRLAPOWER
79,BLISSGVS
81,BLUEBLENDS
82,BLUESTARCO
84,BBTC
85,BOMDYEING
88,RELINFRA
90,ABBOTINDIA
93,BRITANNIA
99,CESC
102,GRAPHITE
103,CARBORUNIV
104,CEATLTD
105,ITDCEM
106,CENTENKA
107,CENTURYTEX
111,EXIDEIND
114,CIPLA
116,CLUTCHAUTO
117,DICIND
118,COLPAL
119,CLNINDIA
121,TATACOFFEE
123,COROMANDEL
124,COSMOFILMS
125,CROMPGREAV
128,DCM
131,DALMIASUG
134,DECCANCE
135,DEEPAKFERT
136,DEEPAKNTR
141,DCW
148,EIDPARRY
149,MERCK
150,EIHOTEL
151,EICHERMOT
152,ELECON
154,ELECTCAST
155,ELGIEQUIP
159,GET&D
160,HINDUJAFO
161,ESCORTS
164,ESSELPACK
165,EVERESTIND
166,EXCELINDUS
171,FINCABLES
172,FIRSTLEASE
175,NESTLEIND
180,GKWLIMITED
183,DELTAMAGNT
184,GABRIEL
186,GAMMONIND
190,GARWALLROP
195,GLAXO
196,GOACARBON
197,FMGOETZE
200,KANSAINER
204,SAREGAMA
207,GESHIP
208,GREAVESCOT
209,GRINDWELL
210,GOLDENTOBC
213,GNFC
214,SETCO
217,GUJALKALI
218,AMBUJACEM
226,GSFC
227,GRASIM
230,HDFC
231,GSKCONS
233,HARRMALAYA
237,HEROMOTOCO
242,ABB
245,HCC
246,HINDDORROL
247,HINDMOTORS
249,BAJAJHIND
250,HSIL
251,HEG
252,HINDALCO
253,HINDCOMPOS
255,HINDUNILVR
256,SANOFI
257,HOTELEELA
259,HIL
262,ZENSARTECH
265,GOCLCORP
266,AKZOINDIA
270,INDIACEM
278,INDIANCARD
281,IFBIND
282,INDHOTEL
283,INDIANHUME
284,LINDEINDIA
285,ABIRLANUVO
288,GILLETTE
292,CASTROLIND
295,INGERRAND
298,TATAINVEST
300,TATASPONGE
301,ITC
302,IVP
303,JBCHEPHARM
304,JKTYRE
311,JAYSREETEA
312,JENSONICOL
316,KCP
322,KSL
328,WHIRLPOOL
329,KESORAMIND
330,KHAITANELE
336,KIRLOSBROS
337,CUMMINSIND
341,KOTARISUG
342,KSBPUMPS
345,TRENT
346,LAXMIMACH
347,LAKPRE
348,LT
351,LML
355,MANUGRAPH
357,RAMCOCEM
363,MAHSCOOTER
365,M&M
367,MANGLMCEM
368,MANGCHEFER
372,MFSL
378,BOSCHLTD
384,MODINSULAT
387,MODIRUBBER
390,PENINLAND
391,MRF
392,MUKANDLTD
396,HEIDELBERG
401,NCLIND
410,NELCO
412,PEL
415,NOCIL
419,ORIENTABRA
420,ORIENTPPR
421,ORIENTHOT
422,OCL
425,OSWALAGRO
434,PFIZER
435,PHILIPCARB
444,PRAKASH
445,SURYAROSNI
446,FAGBEARING
447,PREMIER
450,PRESSMN
453,PDUMJEPULP
457,PUNJABCHEM
465,RALLIS
470,RANEHOLDIN
474,RAYMOND
476,RELIANCE
478,REVATHI
480,PGHH
484,ROLLT
502,VEDL
503,SESHAPAPER
505,SHALPAINTS
508,SHREECEM
513,SRF
514,SIEMENS
515,SIRPAPER
516,SIYSIL
519,SOMANYCERA
525,SPIC
526,TVSSRICHAK
529,SIL
533,STEELTUBES
535,JKLAKSHMI
536,KITPLYIND
537,SUNDRMBRAK
538,SUNCLAYLTD
539,SUNDRMFAST
540,SUNDARMFIN
541,SUPREMEIND
544,SMLISUZU
549,TALBROAUTO
552,TATACHEM
554,TATAPOWER
555,INFOMEDIA
556,TRF
557,TATAGLOBAL
560,TATAMOTORS
562,TEXINFRA
563,TIRUMALCHM
564,THOMASCOOK
565,TINPLATE
566,TATASTEEL
569,TIL
573,TUBEINVEST
577,UNICHEMLAB
578,EVEREADY
580,UBHOLDINGS
587,UNIVCABLES
592,JUBILANT
597,VOLTAS
598,VSTIND
600,UBENGG
601,WSI
602,WALCHANNAG
606,WENDT
607,WSTCSTPAPR
609,WHEELS
611,WILLARDLTD
614,WIPRO
618,XPROINDIA
620,ZENITHBIR
621,ZUARIGLOB
622,AUTOAXLES
623,MALWACOTT
632,ALEMBICLTD
633,ALKYLAMINE
636,APOLLOHOSP
641,BINDALAGRO
644,CIMMCO
651,DYNAMATECH
655,GLOBOFFS
657,GODFRYPHLP
667,NIPPOBATRY
670,NSIL
672,JBFIND
677,LYKALABS
683,MODERNDENM
688,NRC
690,NESCO
694,OUDHSUG
695,MARATHON
700,RSWM
702,RICOAUTO
704,RUCHISOYA
720,VIPIND
722,VINDHYATEL
732,BALMLAWRIE
737,DPL
743,KANORICHEM
745,WILLAMAGOR
751,MBECL
755,OCCL
765,UPERGANGES
770,PKTEA
771,SAKHTISUG
780,TTKHLTCARE
782,LUMAXIND
798,VARUNSHIP
799,ADORWELD
805,ORICONENT
807,MANGTIMBER
808,SUDARSCHEM
809,WINDMACHIN
810,UNIENTER
815,DRREDDY
820,UVSL
825,BSL
830,RAJASPETRO
831,REGENCERAM
840,IFBAGRO
842,HIMATSEIDE
848,TNPETRO
866,INEOSSTYRO
897,GANDHITUBE
922,KESARENT
927,TWILITAKA
932,VTL
941,MUNJALSHOW
942,NAHARSPING
955,RAIN
965,JINDALSAW
968,SHANTIGEAR
974,STINDIA
976,WINSOMEDJ
979,TAINWALCHM
983,VHL
986,UNITECH
991,BANCOINDIA
992,NATNLSTEEL
998,ZANDUREALT
1000,SAGCEM
1016,TITAN
1019,HCL-INSYS
1022,GARDENSILK
1024,ASAHIINDIA
1026,GHCL
1028,HONDAPOWER
1035,NICCO
1052,VISAKAIND
1054,SONASTEER
1056,POLYPLEX
1057,UTTAMSTL
1058,ESTER
1062,JCTEL
1065,SUNFLAG
1066,MURUDCERA
1071,KIRLOSIND
1074,GSCLCEMENT
1075,MUNJALAU
1076,USHAMART
1079,AGCNET
1082,CLASSIC
1083,SAMTEL
1093,ABAN
1095,EIHAHOTELS
1097,KOKUYOCMLN
1102,HITECHGEAR
1105,INDIAGLYCO
1106,PAPERPROD
1119,PENIND
1121,SUBROS
1127,JISLJALEQS
1128,GUJFLUORO
1129,KAJARIACER
1131,HONAUT
1140,SARDAEN
1147,ESABINDIA
1149,JAMNAAUTO
1150,JAYBARMARU
1165,MONSANTO
1167,VALUEIND
1180,SHRENUJ
1186,NAHARINDUS
1189,HFCL
1190,OILCOUNTUB
1196,JYOTISTRUC
1208,EUROTEXIND
1210,MODERNWOOL
1214,BEPL
1215,PEARLPOLY
1216,CHEMFALKAL
1220,INDORAMA
1223,CANFINHOME
1224,VINYLINDIA
1225,DHARSUGAR
1227,KABRAEXTRU
1250,VENKEYS
1252,FINPIPE
1254,ALBERTDAVD
1255,AMTEKAUTO
1258,SHIVTEX
1259,ANSALHSG
1287,HINDSYNTEX
1291,JINDRILL
1305,LLOYDFIN
1310,MODRNSYNTX
1313,MOSERBAER
1318,OMAXAUTO
1320,PATELENG
1321,POLARIND
1322,PTL
1338,SSWL
1344,SWARAJENG
1358,WEIZMANIND
1369,MANINDS
1375,SBIN
1389,AUTOLITIND
1393,ORGINFO
1394,SHREYANIND
1419,ICDSLTD
1436,RAJSREESUG
1437,RUBYMILLS
1467,ADVANIHOTR
1470,HIRECT
1474,UFLEX
1514,UCALFUEL
1520,SPICEMOBI
1524,VADILALIND
1538,ANANTRAJ
1559,HARITASEAT
1572,JAICORPLTD
1590,GEODESIC
1610,SICAL
1623,SUJANAUNI
1627,NAVNETEDUL
1693,GOODVALUE
1706,SUPERHOUSE
1710,IVC
1725,HINDOILEXP
1729,PAEL
1736,SUMANMOTEL
1741,CENTEXT
1742,GODREJIND
1745,SRTRANSFIN
1765,TTL
1774,DHANUKA
1781,KECL
1783,SUPERFORGE
1792,MANALIPETC
1809,ASIANELEC
1813,GRPLTD
1814,DHFL
1840,AVTNPL
1846,GINNIFILA
1861,KAKATCEM
1866,RELCAPITAL
1878,THIRUSUGAR
1889,SALZERELEC
1896,STERLINBIO
1903,PRECOT
1905,SUPERSPIN
1907,INDNIPPON
1908,PRICOL
1909,ROLTA
1926,RAMCOIND
1927,LGBBROSLTD
1938,MOTOGENFIN
1941,UNITEDTEA
1945,IMPAL
1952,SURYALAXMI
1957,RUCHINFRA
1960,ICIL
1967,GLFL
1971,SPANCO
1973,IOLCP
1975,HERCULES
1988,DENORA
2004,ARSHIYA
2006,AYMSYNTEX
2035,APARINDS
2036,ORIENTBELL
2039,DONEAR
2053,NOVAELEMAG
2060,MAHAPEXLTD
2061,NILKAMAL
2074,NAHARPOLY
2075,TECILCHEM
2086,SEQUENT
2096,3MINDIA
2100,JCHAC
2105,HBSTOCK
2110,AMARAJABAT
2113,JMFINANCIL
2117,SWANENERGY
2129,TNTELE
2141,EMCO
2146,ATFL
2153,RADICO
2163,CHOLAFIN
2165,STARPAPER
2168,S&SPOWER
2171,JAGSNPHARM
2174,NEPCMICON
2191,MAHSEAMLES
2195,RIIL
2198,MARALOVER
2202,IGPL
2208,BALRAMCHIN
2216,HIGHGROUND
2226,TIMKEN
2227,WELSPUNIND
2247,VINATIORGA
2259,ANDHRSUGAR
2278,GANECOS
2285,GUFICBIO
2290,BPCL
2292,MMTC
2293,MTNL
2294,BEML
2295,TATACOMM
2297,RCF
2298,BEL
2299,SAIL
2300,STCINDIA
2301,FACT
2302,HOCL
2303,NLCINDIA
2304,NATIONALUM
2305,HINDPETRO
2306,BHEL
2307,HINDZINC
2322,TATAELXSI
2323,HMT
2329,BHAGYNAGAR
2330,KOTAKBANK
2334,ITI
2335,DREDGECORP
2337,DCMSHRIRAM
2338,MAWANASUG
2339,CHENNPETRO
2347,SCI
2356,METALFORGE
2362,AUTORIDFIN
2370,RAINBOWPAP
2371,GENESYS
2378,AARTIIND
2381,IFGLREFRAC
2385,BINANIIND
2386,AUSOMENT
2393,WANBURY
2395,GRANDFONRY
2396,SURYAJYOTI
2400,PRECWIRE
2401,HBLPOWER
2404,AJMERA
2410,ARCOTECH
2412,KHAITANLTD
2415,GILLANDERS
2416,ADFFOODS
2437,NEPCAGRO
2439,GTL
2447,EASUNREYRL
2461,UPL
2467,FEL
2469,GAEL
2496,MRPL
2521,MADHAV
2531,VSTTILLERS
2547,KINGFA
2555,PARRYSUGAR
2576,NDGL
2598,NCC
2603,NAKODA
2626,DHAMPURSUG
2631,KDDL
2638,PLASTIBLEN
2642,GRUH
2650,PIIND
2671,IITL
2685,MOREPENLAB
2705,SUMEETINDS
2706,APCOTEXIND
2712,PHOENIXLL
2717,KOPRAN
2718,GIPCL
2720,LAKSHVILAS
2722,KARURVYSYA
2732,MASTEK
2747,EIMCOELECO
2765,VIJSHAN
2769,ASHIANA
2771,NIITLTD
2773,RAMGOPOLY
2777,BHARATRAS
2779,CONSOFINVT
2780,HSCL
2787,SREINFRA
2794,EASTSILK
2796,GTNIND
2805,MIRCELECTR
2806,INFY
2817,PILITA
2820,ANSALAPI
2825,ITIL
2831,SANGAMIND
2838,MAZDA
2846,TIDEWATER
2848,VLSFINANCE
2852,VICEROY
2879,INDBIOFOOD
2893,GUJRAFFIA
2896,MENONBE
2897,SIMPLEXINF
2900,VARDMNPOLY
2912,CMICABLES
2915,JAYAGROGN
2955,DSKULKARNI
2966,MOTHERSUMI
2970,TRIDENT
2975,AARTIDRUGS
2986,TATAMETALI
2987,MODERNMAL
2990,BANSWRAS
2996,SOMATEX
2997,SHAHALLOYS
3007,SALORAINTL
3010,KEMROCK
3019,TCIFINANCE
3021,CUBEXTUB
3026,LUPIN
3029,CHAMBLFERT
3041,MONNETISPA
3046,NAMASTEXP
3049,SHLAKSHMI
3058,ASHIMASYN
3088,SMPL
3099,SATHAISPAT
3100,AARVEEDEN
3111,ASHAPURMIN
3118,ALOKTEXT
3124,RATNAMANI
3126,ZEEL
3129,ATCOM
3135,ORCHIDPHAR
3139,JVLAGRO
3140,BODALCHEM
3148,IFCI
3169,BHUSANSTL
3173,SANWARIA
3175,ASIL
3179,BIRLACABLE
3187,SKUMARSYNF
3188,PIONEEREMB
3196,VESUVIUS
3210,MINDTECK
3219,PIDILITIND
3225,DIAPOWER
3226,KSOILS
3231,VIMTALABS
3240,GMBREW
3243,SPENTEX
3250,HITECHPLAS
3264,FILATEX
3265,CRISIL
3266,VIDEOIND
3270,AGRODUTCH
3272,HAVELLS
3282,MOLDTECH
3284,BIOFILCHEM
3285,MARKSANS
3304,MERCATOR
3313,SVOGL
3315,PREMEXPLN
3317,FOSECOIND
3319,CONTROLPR
3325,PATSPINLTD
3335,KNDENGTECH
3348,SPMLINFRA
3349,ORIENTLTD
3356,RANASUG
3361,MPHASIS
3382,EMTEXIND
3388,TI
3392,DABUR
3420,CREST
3446,GANESHHOUC
3450,IGARASHI
3453,NAGREEKEXP
3458,PRAJIND
3464,KALYANIFRG
3465,SYMPHONY
3469,ZENITHEXPO
3487,MURLIIND
3497,PITTILAM
3505,WINSOME
3526,PATINTLOG
3528,ATNINTER
3537,KOHINOOR
3538,PREMIERPOL
3546,VAKRANGEE
3559,ALPHAGEO
3598,SPLIL
3608,SUPPETRO
3609,MAHASTEEL
3613,GUJAPOLLO
3616,TORNTPHARM
3617,IPCALAB
3624,ASAL
3630,KILITCH
3673,SHYAMTEL
3697,KREBSBIO
3704,ANIKINDS
3708,INDBANK
3709,FEDERALBNK
3715,KRISNAFILA
3720,BPL
3722,BAJFINANCE
3750,VALECHAENG
3780,NBVENTURES
3782,VIMALOIL
3800,NEULANDLAB
3809,ARROWGREEN
3812,DYNAPHARMA
3825,MMFL
3826,PODDARMENT
3828,NARMADASUG
3840,CDRMEDICAL
3852,AVANTIFEED
3885,SRIPIPES
3888,RSSOFTWARE
3896,GUJNRECOKE
3897,SURANAIND
3898,HINDCOPPER
3899,BUTTERFLY
3924,SANGHIIND
3929,INDOXYGEN
3930,ZODIACLOTH
3954,MAYURUNIQ
3977,VISHNU
3985,CCHHL
3993,PEPL
3996,ZODJRDMKJ
4018,SRGINFOTEC
4019,FEDDERLOYD
4031,GANGOTRI
4042,PRIMESECU
4050,TECHIN
4093,HINDUJAVEN
4101,UMANGDAIRY
4123,INDSWFTLTD
4138,KEYCORPSER
4141,PDUMJEIND
4144,NKIND
4149,SOTL
4150,TPLPLASTEH
4154,LIBERTSHOE
4157,TIMESGTY
4159,TOKYOPLAST
4162,JINDALPOLY
4164,HESTERBIO
4169,ELECTHERM
4177,BLUEDART
4196,KRISHNAENG
4230,NEPCTEX
4231,KALINDEE
4244,ADANIENT
4248,LICHSGFIN
4257,SDBL
4259,NORBTEAEXP
4261,DOLPHINOFF
4269,MIRZAINT
4275,PDPL
4301,TTKPRESTIG
4317,TFCILTD
4318,ORIENTBANK
4320,WEBELSOLAR
4325,SUNPHARMA
4335,LLOYDELENG
4338,JMTAUTOLTD
4353,JMCPROJECT
4354,KAMATHOTEL
4368,DALALSTCOM
4374,RAMANEWS
4378,DCMFINSERV
4387,HOTELRUGBY
4389,MAFATLAFIN
4395,ARENTERP
4401,HIKAL
4406,JIKIND
4416,SURANAT&P
4418,BIL
4439,HERITGFOOD
4441,SHREYAS
4446,DAMODARIND
4452,PRUDMOULI
4464,CAPLIPOINT
4469,ONWARDTEC
4472,ASTRAMICRO
4476,SAMBHAAV
4488,CENTUM
4496,NIVINFRA
4498,ANTGRAPHIC
4502,ALCHEM
4506,JAYNECOIND
4518,KALPATPOWR
4524,ORBTEXP
4537,SANDESH
4545,GOLDIAM
4552,PVP
4580,GICHSGFIN
4584,TRIGYN
4593,ASHCONIUL
4620,INDLMETER
4621,KITEX
4640,HINDNATGLS
4662,VIPULLTD
4664,PARASPETRO
4666,AUROPHARMA
4674,CRESTANI
4675,EASTSUGIND
4679,KEI
4684,NATCOPHARM
4699,PANAMAPET
4701,GREENPLY
4702,PSL
4704,BALPHARMA
4719,AROGRANITE
4724,MUTHOOTCAP
4727,PRISMCEM
4734,BANARBEADS
4756,FINANTECH
4760,SEAMECLTD
4761,SARLAPOLY
4764,JSWSTEEL
4767,THERMAX
4770,21STCENMGM
4791,VENUSREM
4819,RAIREKMOH
4820,SANGHVIMOV
4822,SELAN
4846,ADI
4879,CHROMATIC
4895,THEMISMED
4907,CCL
4916,SUVEN
4926,ERAINFRA
4936,KOTHARIPRO
4939,LAOPALA
4962,GENUSPOWER
4974,KELLTONTEC
4987,HDFCBANK
4992,NRBBEARING
4993,DBSTOCKBRO
4994,PETRONENGG
5014,UGARSUGAR
5020,GOODLUCK
5023,MAGMA
5031,SHILPAMED
5056,RELAXO
5068,NOESISIND
5076,GEINDSYS
5110,STERTOOLS
5114,NEPCPAPER
5120,ANGIND
5128,RAJRAYON
5129,AFTEK
5135,ALPSINDUS
5155,PARACABLES
5178,NILAINFRA
5184,NETVISTAIT
5185,CUPID
5200,LAKSHMIEFL
5247,BHAGERIA
5266,REMSONSIND
5288,BALAMINES
5312,GSLNOVA
5324,KWALITY
5369,OMMETALS
5374,ECEIND
5375,SNOWCEMIND
5400,TCS
5418,ICICIBANK
5433,IDBI
5445,CORPBANK
5452,OIL
5455,POWERGRID
5456,BANKBARODA
5471,CANBK
5475,UCOBANK
5481,UNITEDBNK
5492,COX&KINGS
5493,UNIONBANK
5496,MARUTI
5498,SHRIPISTON
5516,SHAKTIGAS
5521,SBT
5523,DHANBANK
5531,INDUSINDBK
5533,DENABANK
5539,CENTRALBK
5553,ALANKIT
5554,AXISBANK
5571,SPHEREGSL
5586,JETAIRWAYS
5600,SURANACORP
5607,MAHABANK
5611,ELDERPHARM
5638,SYNDIBANK
5654,BANKINDIA
5656,HCLTECH
5675,ALBK
5704,MADRASFERT
5745,ROSSELLIND
5772,JKPAPER
5807,IMFA
5814,PSB
5834,PILANIINVS
5859,ANDHRABANK
5860,KTKBANK
5895,CRANESSOFT
5926,ICSA
5947,MYSOREBANK
5951,ALICON
5954,IVRCLINFRA
5955,IOB
5961,SBBJ
5982,RBLBANK
5991,KRBL
6025,VIJAYABANK
6045,SUPRAJIT
6061,INDIANB
6064,GEOJITBNPP
6068,ONGC
6070,ARMANFIN
6083,MANAPPURAM
6103,BEARDSELL
6113,SABTN
6127,VIKASECO
6159,NUCLEUS
6263,SOUTHBANK
6279,COUNCODOS
6285,LFIC
6367,ZYDUSWELL
6418,PHOENIXLTD
6423,EMAMILTD
6454,BYKE
6463,GEMINI
6481,JMA
6485,NBIFIN
6548,SHRIRAMCIT
6570,ALMONDZ
6580,SHAKTIPUMP
6589,SIGNET
6599,JOCIL
6600,LAMBODHARA
6614,WELLWININD
6649,SWELECTES
6661,AICHAMP
6674,VITALCOMM
6730,MOHITIND
6733,KGL
6838,SUNTECK
6856,MAARSOFTW
6867,BILPOWER
6890,DLF
6902,JINDWORLD
6975,VIJIFIN
6986,SUNDARAM
7015,CUB
7045,KANANIIND
7065,SHARDAMOTR
7091,SPECTACLE
7102,RESPONIND
7129,SEINV
7133,PANORAMUNI
7255,KHANDSE
7310,AHLUCONT
7311,J&KBANK
7383,PRAENG
7387,PIONDIST
7400,AGARIND
7436,CYBERTECH
7469,COREEDUTEC
7484,LCCINFOTEC
7550,VATSMUSC
7594,BSELINFRA
7620,REIAGROLTD
7629,KSERASERA
7816,MUKANDENGG
7817,AMBICAAGAR
7820,KCPSUGIND
7855,PNB
7902,PARAL
7927,INDSWFTLAB
7947,WELCORP
7971,SIIL
8008,SHREERAMA
8014,COMPUSOFT
8019,ZENITHINFO
8020,KOPDRUGS
8021,WOCKPHARMA
8022,TIPSINDLTD
8029,TVSMOTOR
8032,UMESLTD
8034,MEGASOFT
8036,MCDOWELL-N
8037,BFUTILITIE
8039,APTECHT
8040,AURIONPRO
12001,NTPC
12002,IOC
12019,COALINDIA
12029,ENGINERSIN
12059,NMDC
12061,NFL
12068,PFC
12076,SJVN
12111,HEXAWARE
12122,TNPL
12208,MADHUCON
12220,PUNJLLOYD
12232,GPPL
12295,MINDAIND
12317,DUNCANSLTD
12334,APLAPOLLO
12350,GAIL
12371,ZICOM
12382,LINCPEN
12420,PANACEABIO
12476,ARIES
12490,SONATSOFTW
12521,PAGEIND
12546,KIOCL
12579,INDOCO
12580,SOFTTECHGR
12584,NHPC
12585,MARICO
12586,REDINGTON
12605,KLGSYSTEL
12607,CONCOR
12608,SILINV
12611,RAMCOSYS
12626,EDL
12632,GRANULES
12637,KOTHARIPET
12639,CORALFINAC
12648,ARVINDREM
12653,RPOWER
12669,GEECEE
12683,LINCOLN
12715,SKIL
12727,CGCL
12828,JAINSTUDIO
12902,JAIHINDPRO
12952,ASPINWALL
12966,GOKEX
12977,INDRAMEDCO
12986,BLUECOAST
13023,HATSUN
13035,ICRA
13051,RAJESHEXPO
13067,GEOMETRIC
13090,CARERATING
13105,OFSS
13166,NBCC
13191,COMPUTECH
13212,PRESTIGE
13214,CEREBRAINT
13240,DPSCLTD
13267,MORARJEE
13320,LOKESHMACH
13362,POKARNA
13369,MGL
13410,ARIHANT
13415,KAMPERCONC
13425,CYBERMEDIA
13504,AJANTPHARM
13561,ARCHIES
13649,BLUECHIP
13660,CYIENT
13673,GOLDTECH
13683,NITCO
13706,GROWTECHNO
13786,TECHNOFAB
13819,MANAKSIA
13863,MOIL
13868,GMDCLTD
13872,SUZLON
13967,BLUEBIRD
13973,POLYMED
14001,TVSELECT
14138,SUPREMETEX
14155,SUBEX
14181,CALSOFT
14185,ORTEL
14192,EON
14222,GATI
14266,JPPOWER
14270,RUPA
14275,QUINTEGRA
14343,BIRLAMONEY
14369,CREATIVEYE
14390,RASOYPR
14482,FDC
14548,JUBLFOOD
14551,CINEVISTA
14602,DCBBANK
14608,PRASGLOFIN
14610,TODAYS
14618,ANKURDRUGS
14622,PVR
14680,MRO-TEK
14691,STAMPEDE
14709,VIDHIDYE
14738,KARUNACAB
14741,MAITHANALL
14744,GDL
14761,EIDERTELE
14775,JYOTHYLAB
14787,ARAVALIIND
14801,BIOCON
14804,TRICOM
14817,ATULAUTO
14852,ABGSHIP
14871,BGRENERGY
14927,ACCELYA
14965,PNBGILTS
14978,MINDACORP
15007,PNC
15046,AKSHOPTFBR
15108,SUMMITSEC
15196,NELCAST
15228,SUNTV
15293,JPASSOCIAT
15342,HELIOSMATH
15469,SMARTLINK
15542,BHARTIARTL
15613,GODREJPROP
15631,CASTEXTECH
15639,ENERGYDEV
15674,NDTV
15783,CENTURYPLY
15798,SALONA
15825,DWARKESH
15871,LOVABLE
15876,VIVIDHA
15934,REPRO
16012,TULIP
16020,AMBIKCO
16077,CURATECH
16093,SATIN
16305,KERNEX
16437,VAIBHAVGBL
16474,PNBHOUSING
16500,GAYAPROJ
16541,KPIT
16667,BLBLIMITED
16795,M&MFIN
16819,IZMO
16825,KAMDHENU
16996,STAR
17099,XLENERGY
17125,RAJTV
17136,JKCEMENT
17208,STEL
17211,DELTACORP
17215,TECHM
17376,HMVL
17399,SKMEGGPROD
17416,POLARIS
17472,ORTINLABSS
17515,NOIDATOLL
17576,EXCELCROP
17600,ORIENTCEM
17714,LPDC
17761,MICROTECH
17808,ADANIPOWER
18014,IL&FSENGG
18075,RECLTD
18105,LTI
18203,KAVVERITEL
18268,MHRIL
18286,PERSISTENT
18410,ADSL
18488,TORNTPOWER
18695,SHIRPUR-G
18844,NAUKRI
18868,MPSLTD
18922,LYPSAGEMS
19299,ALKEM
19320,VARDHACRLC
19534,MELSTAR
19611,VGUARD
19638,TBZ
19816,ADVENZYMES
19825,INDOTECH
19939,TWL
19961,SHOPERSTOP
20045,RSYSTEMS
20058,TRIVENI
20076,PTC
20099,PETRONET
20238,GROBTEA
20249,MANGALAM
20287,JINDALSTEL
20289,SIMPLEX
20422,ATLANTA
20485,BLUESTINFO
20561,TCI
20581,MINDTREE
20600,GLENMARK
20631,DISHTV
20648,SASKEN
20650,3IINFOTECH
20659,HATHWAY
20670,VISESHINFO
20703,IGL
20710,ISFT
20728,MAHLIFE
20754,TAJGVK
20790,VISUINTL
20791,ENTEGRA
20883,CADILAHC
20915,LYCOS
20944,GEPIL
20947,DSSL
20956,PADMALAYAT
20975,TELEDATAGL
21112,MUKTAARTS
21132,ORBITCORP
21187,DATAMATICS
21188,DIVISLAB
21203,ZENTEC
21214,TTML
21275,FCSSOFT
21281,ADANIPORTS
21300,OPTOCIRCUI
21304,AXISCADES
21321,BALAJITELE
21325,WELENT
21331,STRTECH
21335,CIGNITITEC
21338,AMAR
21351,PRITHVI
21357,NEXTMEDIA
21953,LITL
21960,GODREJCP
21999,NET4
22005,ICICIPRULI
22012,GOLDINFRA
22048,ROHLTD
22118,JAGRAN
22130,DISHMAN
22137,SADBHAV
22202,PONNIERODE
22219,MEGH
22265,IDFC
22361,GULPOLY
22406,COMPINFO
22472,ANANDAMRUB
22535,BLS
22626,INOXLEISUR
22648,CERA
22783,INVENTURE
22825,AIAENG
22835,TANTIACONS
22868,RAMSARUP
22883,RADAAN
22929,TRITURBINE
22980,ORISSAMINE
23037,BAGFILMS
23039,GMRINFRA
23040,IDEA
23050,RDEL
23087,IOLN
23165,MAXWELL
23220,UBL
23244,ISMTLTD
23296,IIFL
23313,SHK
23340,RAMASTEEL
23341,JBMA
23431,TFL
23448,LUXIND
23450,20MICRONS
23457,ADVANTA
23505,BHARATIDIL
23562,LUMAXTECH
23633,HANUNG
23653,HITECH
23785,NITINSPIN
23816,PRECAM
23818,PPAP
23869,SGL
23875,RENUKA
23920,NECLIFE
23921,SURYAPHARM
23959,UTTAMSUGAR
24005,ABMINTLTD
24049,FORTIS
24057,GITANJALI
24061,TVTODAY
24065,GSPL
24115,PBAINFRA
24194,DCHL
24258,NECCLTD
24379,SHARONBIO
24392,TANLA
24440,DEEPIND
24585,NAVINFLUOR
24603,8KMILES
24608,VBL
24610,JSL
24619,JAIBALAJI
24621,LUMAXAUTO
24625,APOLSINHOT
24642,GREENFIRE
24690,JSWHL
24705,GAMMNINFRA
24762,PALREDTEC
24769,MUTHOOTFIN
24800,PARSVNATH
24831,CREWBOS
24833,MSPL
24835,INDOWIND
24836,POCHIRAJU
24837,USHERAGRO
24853,ALLSEC
24882,FSL
24915,TEAMLEASE
24934,RKFORGE
24936,ZYLOG
24941,JINDALPHOT
24946,MCDHOLDING
24949,HTMEDIA
24951,ULTRACEMCO
24957,GULFPETRO
24978,NIITTECH
24988,MCLEODRUSS
24993,EKC
25008,CCCL
25031,BEDMUTHA
25040,FIEMIND
25067,REPCOHOME
25242,XCHANGING
25263,SALSTEEL
25267,YESBANK
25386,SOLARINDS
25397,UNITY
25457,IMPEXFERRO
25459,PURVA
25502,ALKALI
25513,ASHOKA
25537,ENIL
25561,
25599,OMNITECH
25636,UNIPLY
25664,AFL
25746,MCX
25767,SYNGENE
25775,BASML
25777,BRFL
25785,GLOBUSSPR
25805,RKDL
25807,SMSPHARMA
25812,SGFL
25830,GTLINFRA
25991,SKIPPER
26063,ADHUNIKIND
26184,KOLTEPATIL
26339,PINCON
26416,GPTINFRA
26453,GLODYNE
26456,HUBTOWN
26503,SAKSOFT
26569,PROVOGE
26579,KAYA
26604,NDL
26642,RML
26653,VIKASHMET
26729,SEZAL
26760,KMSUGAR
26766,VIVIMEDLAB
26780,IBVENTURES
26813,ROHITFERRO
26822,RAJVIR
26828,SHIVAMAUTO
26837,RMCL
26838,GPIL
26839,EDUCOMP
26849,GTOFFSHORE
26853,STOREONE
26856,PRATIBHA
26860,BARTRONICS
26864,SAKUMA
26866,GVKPIL
26867,CELEBRITY
26881,VARUN
26912,TIIL
26923,RAJOIL
27039,GOKUL
27172,SUNILHITEC
27206,RCOM
27231,MALUPAPER
27242,BLKASHYAP
27243,GALLANTT
27244,VISASTEEL
27257,ADHUNIK
27264,PFOCUS
27265,CELESTIAL
27266,KKCL
27271,KFA
27272,SUPREMEINF
27273,KEC
27297,EMKAY
27299,PLETHICO
27310,GLORY
27313,PARABDRUGS
27323,JSWENERGY
27325,JHS
27333,ALLCARGO
27338,ACE
27340,HOVS
27341,VOLTAMP
27346,RJL
27347,SHREEASHTA
27350,GTNTEX
27360,GLOBALVECT
27361,BROADCAST
27363,EVINIX
27366,CTE
27367,ABHISHEK
27371,EVERONN
27375,SUTLEJTEX
27387,DAAWAT
27415,RUCHIRA
27419,TEXRAIL
27437,TGBHOTELS
27441,ORIENTALTL
27443,SOBHA
27482,TV18BRDCST
27483,SRHHYPOLTD
27485,ESSDEE
27486,MAHINDCIE
27500,HGS
27501,NCOPPER
27504,OISL
27506,HILTON
27528,AUTOIND
27530,AMDIND
27531,EUROCERA
27538,ANKITMETAL
27539,CINELINE
27558,MBLINFRA
27576,NAGREEKCAP
27581,CANDC
27594,ASTEC
27603,CAIRN
27612,ELAND
27614,PGIL
27654,MIC
27655,ASTRAL
27660,BRANDHOUSE
27662,SELMCL
27675,SPARC
27678,TARMAT
27679,V2RETAIL
27696,KAUSHALYA
27697,NETWORK18
27699,INDUSFILA
27705,ZEEMEDIA
27706,SITINET
27707,DECOLIGHT
27710,ALPA
27715,TAKE
27738,OMAXE
27739,BVCL
27740,ASAHISONG
27753,TIMETECHNO
27754,INSECTICID
27768,NITINFIRE
27793,CAMLINFINE
27794,REFEX
27797,NAHARCAP
27798,ASIANTILES
27800,IBREALEST
27828,HDIL
27896,MAGNUM
27966,GISOLUTION
27985,GSS
27987,MANINFRA
27989,RUSHIL
27995,DHANUS
28003,KSCL
28009,KPRMILL
28011,MOTILALOFS
28013,MAANALU
28038,KOUTONS
28041,BURNPUR
28049,KIRIINDUS
28069,WABCOINDIA
28071,SUJANATWR
28074,BAJAJ-AUTO
28075,BAJAJFINSV
28145,METKORE
28150,RELIGARE
28183,BANG
28229,EDELWEISS
28239,SOMICONVEY
28241,SITASHREE
28243,MOLDTKPAC
28245,TECPRO
28257,REISIXTEN
28267,TULSI
28290,PFS
28292,CORDSCABLE
28293,ECLERX
28294,BRIGADE
28300,JKIL
28301,ONMOBILE
28304,MVL
28331,TARAPUR
28334,KNRCON
28340,TRIL
28363,AUSTRAL
28364,CAPF
28365,IRB
28369,SHRIRAMEPC
28424,FIRSTWIN
28432,TELEDATAIT
28434,ARCHIDPLY
28441,VASCONEQ
28573,RMMIL
28574,MANDHANA
28589,DBCORP
28591,RAMKY
28611,BAFNAPHARM
28612,BIRLACOT
28627,LGBFORGE
28666,EUROMULTI
28668,NUTEK
28695,PNCINFRA
28894,NITESHEST
28967,LOTUSEYE
29112,SASTASUNDR
29175,RPGLIFE
29187,KSK
29300,PIRPHYTO
29301,RANEENGINE
29302,RBL
29303,SICAGEN
29335,FCONSUMER
29368,ARSSINFRA
29472,FCL
29545,A2ZINFRA
29548,INNOIND
29574,PRAKASHSTL
29583,BHARATFIN
29706,GAL
29776,VRLLOG
29955,INFINITE
30017,EDSERV
30089,CMAHENDRA
30141,EXCEL
30163,JINDCOT
30251,WELINV
30252,SYNCOM
30297,BSLIMITED
30326,ARROWTEX
30337,SREEL
30992,TEXMOPIPES
31509,PRADIP
31785,DLINKINDIA
32039,ESL
32050,FARMAXIND
32414,AHLEAST
32948,KTIL
33159,INDIGO
33402,DRDATSONS
33406,SPECIALITY
33432,SQSBFSI
33444,KIRLOSENG
33583,PCJEWELLER
33638,PRABHAT
33816,FLEXITUFF
34020,MEP
34142,GNA
34162,VMART
34263,IL&FSTRANS
34404,SPAL
34493,SGJHL
34518,EMAMIINFRA
34663,JPINFRATEC
34673,TDPOWERSYS
34697,EQUITAS
34741,SANGHVIFOR
34787,POWERMECH
34793,SHREEPUSHK
34819,RTNPOWER
34901,UJJIVAN
34917,DUCON
34920,THANGAMAYL
35066,DEN
35142,AQUA
35224,BFINVEST
35410,SHARDACROP
35595,EMMBI
35607,GRAVITA
35611,DQE
35715,CANTABIL
35717,DBREALTY
35743,GOENKA
35794,OMKARCHEM
35844,CNOVAPETRO
35848,SURANASOL
35919,INDOSOLAR
36016,TECHNO
36017,KICL
36019,WABAG
36162,RPPINFRA
36229,IBULHSGFIN
36662,DBL
37265,DHUNINV
37382,TALWALKARS
37447,SPYL
37500,GALLISPAT
37831,SHRIASTER
37832,EROSMEDIA
37833,ZEELEARN
38025,OBEROIRLTY
38133,BILENERGY
38208,SHILPI
38220,PGEL
38364,
38564,IBWSL
38565,CAREERP
38700,INDTERRAIN
38716,BAJAJCORP
38761,SRSLTD
38892,ACROPETAL
38923,TCIDEVELOP
38925,DALMIABHA
39082,KARMAENG
39220,CEBBCO
39716,GREENPOWER
40028,SUDAR
40111,AHLWEST
40258,TARAJEWELS
40279,INFRATEL
40294,APLLTD
40342,JUBLINDS
40370,PENPEBS
40401,ELGIRUBCO
40412,VSSL
40437,SERVALL
40438,FMNL
40449,PARAPRINT
40450,TIMBOR
40457,ENDURANCE
40458,VASWANI
40460,TIJARIA
40479,BGLOBAL
40505,BROOKS
40506,KRIDHANINF
40517,ONELIFECAP
40521,THOMASCOTT
40530,TAKSHEEL
40552,NAGAFERT
40553,NAGAROIL
40564,UJAAS
40566,SANCO
40647,TREEHOUSE
40738,ESSARSHPNG
40749,ORIENTREF
40790,ARVINFRA
40912,ABFRL
40946,SFCL
41136,PRAKASHCON
41147,L&TFH
41218,SCHNEIDER
41238,INDOTHAI
41261,LALPATHLAB
41290,MBAPL
41312,MTEDUCARE
41315,WEIZFOREX
41368,VKSPL
41369,JUSTDIAL
41398,SHEMAROO
41403,TVVISION
41473,HEXATRADEX
41487,RTNINFRA
41492,PROZONINTU
41535,SEPOWER
41741,INTEGRA
41859,NIBL
42049,SADBHIN
42197,THEJO
42260,AMTL
42328,ZUARI
42518,THYROCARE
42523,HCG
42606,NGCT
42820,VETO
43069,PDSMFL
43083,GENUSPAPER
43230,OPAL
43309,SNOWMAN
43397,AIFL
43583,WONDERLA
43686,FLFL
43814,GREENLAM
43822,MITCON
43863,JPOLYINVST
43934,GUJGASLTD
43936,
43989,INOXWIND
44041,NATHBIOGEN
44042,AGRITECH
44085,DTIL
44398,QUESS
44404,HPL
44814,LTTS
45107,NH
45144,PARAGMILK
45748,NAVKARCORP
45765,GULFOILLUB
45793,BDR
45914,MAJESCO
45921,MOMAI
52315,NEO
54759,IDFCBANK
54769,INTELLECT
54778,COFFEEDAY
54840,MASKINVEST
64824,MONTECARLO
64845,MANAKALUCO
64846,MANAKSTEEL
64847,MANAKCOAT
64848,MANAKINDST
64887,MANPASAND
65118,UFO
65191,JSLHISAR
65297,HECPROJECT
65524,PDMJEPAPER
65688,ADLABS
65733,CROMPTON
65804,BALKRISHNA
65841,INFIBEAM
65868,SHAIVAL
65878,INFOBEANS
65921,SHYAMCENT
66041,ELITE
66042,FRETAIL
66221,SABEVENTS
66273,ADANITRANS
66318,BIGBLOC
66415,SAKAR
66472,PNEUMATIC
66539,EMKAYTOOLS
66574,QUICKHEAL
66592,AHIMSA
66673,HUSYSLTD
66762,PERFECT
66768,BHARATWIRE
67056,LSIL
67280,FOURTHDIM
67285,JETKNIT
67292,WEALTH
67573,MAXINDIA
67574,MAXVIL
67804,GOKULAGRO
67942,DIGJAMLTD
68137,SAGARDEEP
68227,UNITEDPOLY
68384,KKVAPOW
68704,CROWN
68728,AVSL
68790,GRETEX
68799,NANDANI
68803,AURDIS
68804,PANSARI
68805,DRL
68806,GICL
68825,ARTNIRMAN
68973,AGROPHOS
